Date,Label
32.05,Notstressed
32.05,Notstressed
32.05,Notstressed
32.05,Notstressed
32.05,Notstressed
32.05,Notstressed
32.05,Notstressed
32.05,Notstressed
32.07,Notstressed
32.07,Notstressed
32.07,Notstressed
32.07,Notstressed
32.07,Notstressed
32.07,Notstressed
32.07,Notstressed
32.07,Notstressed
32.09,Notstressed
32.09,Notstressed
32.09,Notstressed
32.09,Notstressed
32.07,Notstressed
32.07,Notstressed
32.07,Notstressed
32.07,Notstressed
32.05,Notstressed
32.05,Notstressed
32.05,Notstressed
32.05,Notstressed
32.05,Notstressed
32.05,Notstressed
32.05,Notstressed
32.05,Notstressed
32.07,Notstressed
32.07,Notstressed
32.07,Notstressed
32.07,Notstressed
32.05,Notstressed
32.05,Notstressed
32.05,Notstressed
32.05,Notstressed
32.07,Notstressed
32.07,Notstressed
32.07,Notstressed
32.07,Notstressed
32.05,Notstressed
32.05,Notstressed
32.05,Notstressed
32.05,Notstressed
32.07,Notstressed
32.07,Notstressed
32.07,Notstressed
32.07,Notstressed
32.07,Notstressed
32.07,Notstressed
32.07,Notstressed
32.07,Notstressed
32.05,Notstressed
32.05,Notstressed
32.05,Notstressed
32.05,Notstressed
32.05,Notstressed
32.05,Notstressed
32.05,Notstressed
32.05,Notstressed
32.05,Notstressed
32.05,Notstressed
32.05,Notstressed
32.05,Notstressed
32.05,Notstressed
32.05,Notstressed
32.05,Notstressed
32.05,Notstressed
32.05,Notstressed
32.05,Notstressed
32.05,Notstressed
32.05,Notstressed
32.05,Notstressed
32.05,Notstressed
32.05,Notstressed
32.05,Notstressed
32,Notstressed
32,Notstressed
32,Notstressed
32,Notstressed
32.05,Notstressed
32.05,Notstressed
32.05,Notstressed
32.05,Notstressed
32.05,Notstressed
32.05,Notstressed
32.05,Notstressed
32.05,Notstressed
32.05,Notstressed
32.05,Notstressed
32.05,Notstressed
32.05,Notstressed
32.03,Notstressed
32.03,Notstressed
32.03,Notstressed
32.03,Notstressed
32.05,Notstressed
32.05,Notstressed
32.05,Notstressed
32.05,Notstressed
32.03,Notstressed
32.03,Notstressed
32.03,Notstressed
32.03,Notstressed
32.05,Notstressed
32.05,Notstressed
32.05,Notstressed
32.05,Notstressed
32.03,Notstressed
32.03,Notstressed
32.03,Notstressed
32.03,Notstressed
32.03,Notstressed
32.03,Notstressed
32.03,Notstressed
32.03,Notstressed
32.03,Notstressed
32.03,Notstressed
32.03,Notstressed
32.03,Notstressed
32.03,Notstressed
32.03,Notstressed
32.03,Notstressed
32.03,Notstressed
32.03,Notstressed
32.03,Notstressed
32.03,Notstressed
32.03,Notstressed
32.03,Notstressed
32.03,Notstressed
32.03,Notstressed
32.03,Notstressed
32.05,Notstressed
32.05,Notstressed
32.05,Notstressed
32.05,Notstressed
32.05,Notstressed
32.05,Notstressed
32.05,Notstressed
32.05,Notstressed
32.05,Notstressed
32.05,Notstressed
32.05,Notstressed
32.05,Notstressed
32.05,Notstressed
32.05,Notstressed
32.05,Notstressed
32.05,Notstressed
32.03,Notstressed
32.03,Notstressed
32.03,Notstressed
32.03,Notstressed
32.03,Notstressed
32.03,Notstressed
32.03,Notstressed
32.03,Notstressed
32.05,Notstressed
32.05,Notstressed
32.05,Notstressed
32.05,Notstressed
32.05,Notstressed
32.05,Notstressed
32.05,Notstressed
32.05,Notstressed
32.05,Notstressed
32.05,Notstressed
32.05,Notstressed
32.05,Notstressed
32.03,Notstressed
32.03,Notstressed
32.03,Notstressed
32.03,Notstressed
32.03,Notstressed
32.03,Notstressed
32.03,Notstressed
32.03,Notstressed
32.05,Notstressed
32.05,Notstressed
32.05,Notstressed
32.05,Notstressed
32.05,Notstressed
32.05,Notstressed
32.05,Notstressed
32.05,Notstressed
32.03,Notstressed
32.03,Notstressed
32.03,Notstressed
32.03,Notstressed
32.05,Notstressed
32.05,Notstressed
32.05,Notstressed
32.05,Notstressed
32.03,Notstressed
32.03,Notstressed
32.03,Notstressed
32.03,Notstressed
32.03,Notstressed
32.03,Notstressed
32.03,Notstressed
32.03,Notstressed
32.05,Notstressed
32.05,Notstressed
32.05,Notstressed
32.05,Notstressed
32.05,Notstressed
32.05,Notstressed
32.05,Notstressed
32.05,Notstressed
32.03,Notstressed
32.03,Notstressed
32.03,Notstressed
32.03,Notstressed
32.03,Notstressed
32.03,Notstressed
32.03,Notstressed
32.03,Notstressed
32.03,Notstressed
32.03,Notstressed
32.03,Notstressed
32.03,Notstressed
32.03,Notstressed
32.03,Notstressed
32.03,Notstressed
32.03,Notstressed
32.03,Notstressed
32.03,Notstressed
32.03,Notstressed
32.03,Notstressed
32.05,Notstressed
32.05,Notstressed
32.05,Notstressed
32.05,Notstressed
32.05,Notstressed
32.05,Notstressed
32.05,Notstressed
32.05,Notstressed
32.07,Notstressed
32.07,Notstressed
32.07,Notstressed
32.07,Notstressed
32.03,Notstressed
32.03,Notstressed
32.03,Notstressed
32.03,Notstressed
32.03,Notstressed
32.03,Notstressed
32.03,Notstressed
32.03,Notstressed
32.03,Notstressed
32.03,Notstressed
32.03,Notstressed
32.03,Notstressed
32.03,Notstressed
32.03,Notstressed
32.03,Notstressed
32.03,Notstressed
32.05,Notstressed
32.05,Notstressed
32.05,Notstressed
32.05,Notstressed
32.03,Notstressed
32.03,Notstressed
32.03,Notstressed
32.03,Notstressed
32.03,Notstressed
32.03,Notstressed
32.03,Notstressed
32.03,Notstressed
32.05,Notstressed
32.05,Notstressed
32.05,Notstressed
32.05,Notstressed
32.03,Notstressed
32.03,Notstressed
32.03,Notstressed
32.03,Notstressed
32.03,Notstressed
32.03,Notstressed
32.03,Notstressed
32.03,Notstressed
32.03,Notstressed
32.03,Notstressed
32.03,Notstressed
32.03,Notstressed
32.05,Notstressed
32.05,Notstressed
32.05,Notstressed
32.05,Notstressed
32.05,Notstressed
32.05,Notstressed
32.05,Notstressed
32.05,Notstressed
32.03,Notstressed
32.03,Notstressed
32.03,Notstressed
32.03,Notstressed
32.03,Notstressed
32.03,Notstressed
32.03,Notstressed
32.03,Notstressed
32,Notstressed
32,Notstressed
32,Notstressed
32,Notstressed
32.03,Notstressed
32.03,Notstressed
32.03,Notstressed
32.03,Notstressed
32.03,Notstressed
32.03,Notstressed
32.03,Notstressed
32.03,Notstressed
32.05,Notstressed
32.05,Notstressed
32.05,Notstressed
32.05,Notstressed
32.03,Notstressed
32.03,Notstressed
32.03,Notstressed
32.03,Notstressed
32,Notstressed
32,Notstressed
32,Notstressed
32,Notstressed
32.03,Notstressed
32.03,Notstressed
32.03,Notstressed
32.03,Notstressed
32.03,Notstressed
32.03,Notstressed
32.03,Notstressed
32.03,Notstressed
32.03,Notstressed
32.03,Notstressed
32.03,Notstressed
32.03,Notstressed
32.03,Notstressed
32.03,Notstressed
32.03,Notstressed
32.03,Notstressed
32.05,Notstressed
32.05,Notstressed
32.05,Notstressed
32.05,Notstressed
32.05,Notstressed
32.05,Notstressed
32.05,Notstressed
32.05,Notstressed
32.03,Notstressed
32.03,Notstressed
32.03,Notstressed
32.03,Notstressed
32.03,Notstressed
32.03,Notstressed
32.03,Notstressed
32.03,Notstressed
32.03,Notstressed
32.03,Notstressed
32.03,Notstressed
32.03,Notstressed
32.03,Notstressed
32.03,Notstressed
32.03,Notstressed
32.03,Notstressed
32.03,Notstressed
32.03,Notstressed
32.03,Notstressed
32.03,Notstressed
32.03,Notstressed
32.03,Notstressed
32.03,Notstressed
32.03,Notstressed
32.03,Notstressed
32.03,Notstressed
32.03,Notstressed
32.03,Notstressed
32.03,Notstressed
32.03,Notstressed
32.03,Notstressed
32.03,Notstressed
32.03,Notstressed
32.03,Notstressed
32.03,Notstressed
32.03,Notstressed
32.05,Notstressed
32.05,Notstressed
32.05,Notstressed
32.05,Notstressed
32,Notstressed
32,Notstressed
32,Notstressed
32,Notstressed
32.03,Notstressed
32.03,Notstressed
32.03,Notstressed
32.03,Notstressed
32.03,Notstressed
32.03,Notstressed
32.03,Notstressed
32.03,Notstressed
32.03,Notstressed
32.03,Notstressed
32.03,Notstressed
32.03,Notstressed
32.05,Notstressed
32.05,Notstressed
32.05,Notstressed
32.05,Notstressed
32.03,Notstressed
32.03,Notstressed
32.03,Notstressed
32.03,Notstressed
32.03,Notstressed
32.03,Notstressed
32.03,Notstressed
32.03,Notstressed
32.03,Notstressed
32.03,Notstressed
32.03,Notstressed
32.03,Notstressed
32.05,Notstressed
32.05,Notstressed
32.05,Notstressed
32.05,Notstressed
32,Notstressed
32,Notstressed
32,Notstressed
32,Notstressed
32,Notstressed
32,Notstressed
32,Notstressed
32,Notstressed
32.05,Notstressed
32.05,Notstressed
32.05,Notstressed
32.05,Notstressed
32.03,Notstressed
32.03,Notstressed
32.03,Notstressed
32.03,Notstressed
32.03,Notstressed
32.03,Notstressed
32.03,Notstressed
32.03,Notstressed
32,Notstressed
32,Notstressed
32,Notstressed
32,Notstressed
32,Notstressed
32,Notstressed
32,Notstressed
32,Notstressed
32.03,Notstressed
32.03,Notstressed
32.03,Notstressed
32.03,Notstressed
31.99,Notstressed
31.99,Notstressed
31.99,Notstressed
31.99,Notstressed
32,Notstressed
32,Notstressed
32,Notstressed
32,Notstressed
31.99,Notstressed
31.99,Notstressed
31.99,Notstressed
31.99,Notstressed
32,Notstressed
32,Notstressed
32,Notstressed
32,Notstressed
32,Notstressed
32,Notstressed
32,Notstressed
32,Notstressed
32,Notstressed
32,Notstressed
32,Notstressed
32,Notstressed
32.03,Notstressed
32.03,Notstressed
32.03,Notstressed
32.03,Notstressed
32.03,Notstressed
32.03,Notstressed
32.03,Notstressed
32.03,Notstressed
31.99,Notstressed
31.99,Notstressed
31.99,Notstressed
31.99,Notstressed
31.99,Notstressed
31.99,Notstressed
31.99,Notstressed
31.99,Notstressed
31.99,Notstressed
31.99,Notstressed
31.99,Notstressed
31.99,Notstressed
31.99,Notstressed
31.99,Notstressed
31.99,Notstressed
31.99,Notstressed
32,Notstressed
32,Notstressed
32,Notstressed
32,Notstressed
31.99,Notstressed
31.99,Notstressed
31.99,Notstressed
31.99,Notstressed
31.97,Notstressed
31.97,Notstressed
31.97,Notstressed
31.97,Notstressed
31.95,Notstressed
31.95,Notstressed
31.95,Notstressed
31.95,Notstressed
31.95,Notstressed
31.95,Notstressed
31.95,Notstressed
31.95,Notstressed
31.93,Notstressed
31.93,Notstressed
31.93,Notstressed
31.93,Notstressed
31.95,Notstressed
31.95,Notstressed
31.95,Notstressed
31.95,Notstressed
31.93,Notstressed
31.93,Notstressed
31.93,Notstressed
31.93,Notstressed
31.93,Notstressed
31.93,Notstressed
31.93,Notstressed
31.93,Notstressed
31.91,Notstressed
31.91,Notstressed
31.91,Notstressed
31.91,Notstressed
31.91,Notstressed
31.91,Notstressed
31.91,Notstressed
31.91,Notstressed
31.91,Notstressed
31.91,Notstressed
31.91,Notstressed
31.91,Notstressed
31.89,Notstressed
31.89,Notstressed
31.89,Notstressed
31.89,Notstressed
31.89,Notstressed
31.89,Notstressed
31.89,Notstressed
31.89,Notstressed
31.91,Notstressed
31.91,Notstressed
31.91,Notstressed
31.91,Notstressed
31.91,Notstressed
31.91,Notstressed
31.91,Notstressed
31.91,Notstressed
31.91,Notstressed
31.91,Notstressed
31.91,Notstressed
31.91,Notstressed
31.91,Notstressed
31.91,Notstressed
31.91,Notstressed
31.91,Notstressed
31.93,Notstressed
31.93,Notstressed
31.93,Notstressed
31.93,Notstressed
31.91,Notstressed
31.91,Notstressed
31.91,Notstressed
31.91,Notstressed
31.93,Notstressed
31.93,Notstressed
31.93,Notstressed
31.93,Notstressed
31.95,Notstressed
31.95,Notstressed
31.95,Notstressed
31.95,Notstressed
31.93,Notstressed
31.93,Notstressed
31.93,Notstressed
31.93,Notstressed
31.93,Notstressed
31.93,Notstressed
31.93,Notstressed
31.93,Notstressed
31.93,Notstressed
31.93,Notstressed
31.93,Notstressed
31.93,Notstressed
31.95,Notstressed
31.95,Notstressed
31.95,Notstressed
31.95,Notstressed
31.93,Notstressed
31.93,Notstressed
31.93,Notstressed
31.93,Notstressed
31.93,Notstressed
31.93,Notstressed
31.93,Notstressed
31.93,Notstressed
31.93,Notstressed
31.93,Notstressed
31.93,Notstressed
31.93,Notstressed
31.93,Notstressed
31.93,Notstressed
31.93,Notstressed
31.93,Notstressed
31.95,Notstressed
31.95,Notstressed
31.95,Notstressed
31.95,Notstressed
31.95,Notstressed
31.95,Notstressed
31.95,Notstressed
31.95,Notstressed
31.95,Notstressed
31.95,Notstressed
31.95,Notstressed
31.95,Notstressed
31.95,Notstressed
31.95,Notstressed
31.95,Notstressed
31.95,Notstressed
31.95,Notstressed
31.95,Notstressed
31.95,Notstressed
31.95,Notstressed
31.95,Notstressed
31.95,Notstressed
31.95,Notstressed
31.95,Notstressed
31.95,Notstressed
31.95,Notstressed
31.95,Notstressed
31.95,Notstressed
31.95,Notstressed
31.95,Notstressed
31.95,Notstressed
31.95,Notstressed
31.95,Notstressed
31.95,Notstressed
31.95,Notstressed
31.95,Notstressed
31.95,Notstressed
31.95,Notstressed
31.95,Notstressed
31.95,Notstressed
31.97,Notstressed
31.97,Notstressed
31.97,Notstressed
31.97,Notstressed
31.97,Notstressed
31.97,Notstressed
31.97,Notstressed
31.97,Notstressed
31.95,Notstressed
31.95,Notstressed
31.95,Notstressed
31.95,Notstressed
31.95,Notstressed
31.95,Notstressed
31.95,Notstressed
31.95,Notstressed
31.95,Notstressed
31.95,Notstressed
31.95,Notstressed
31.95,Notstressed
31.97,Notstressed
31.97,Notstressed
31.97,Notstressed
31.97,Notstressed
31.97,Notstressed
31.97,Notstressed
31.97,Notstressed
31.97,Notstressed
31.97,Notstressed
31.97,Notstressed
31.97,Notstressed
31.97,Notstressed
31.97,Notstressed
31.97,Notstressed
31.97,Notstressed
31.97,Notstressed
31.99,Notstressed
31.99,Notstressed
31.99,Notstressed
31.99,Notstressed
31.97,Notstressed
31.97,Notstressed
31.97,Notstressed
31.97,Notstressed
32.03,Stressed
32.03,Stressed
32.03,Stressed
32.03,Stressed
32.03,Stressed
32.03,Stressed
32.03,Stressed
32.03,Stressed
32.05,Stressed
32.05,Stressed
32.05,Stressed
32.05,Stressed
32,Stressed
32,Stressed
32,Stressed
32,Stressed
32.03,Stressed
32.03,Stressed
32.03,Stressed
32.03,Stressed
32,Stressed
32,Stressed
32,Stressed
32,Stressed
32.03,Stressed
32.03,Stressed
32.03,Stressed
32.03,Stressed
32,Stressed
32,Stressed
32,Stressed
32,Stressed
31.99,Stressed
31.99,Stressed
31.99,Stressed
31.99,Stressed
32,Stressed
32,Stressed
32,Stressed
32,Stressed
32,Stressed
32,Stressed
32,Stressed
32,Stressed
32.03,Stressed
32.03,Stressed
32.03,Stressed
32.03,Stressed
32,Stressed
32,Stressed
32,Stressed
32,Stressed
32.03,Stressed
32.03,Stressed
32.03,Stressed
32.03,Stressed
32,Stressed
32,Stressed
32,Stressed
32,Stressed
31.99,Stressed
31.99,Stressed
31.99,Stressed
31.99,Stressed
32,Stressed
32,Stressed
32,Stressed
32,Stressed
32,Stressed
32,Stressed
32,Stressed
32,Stressed
32,Stressed
32,Stressed
32,Stressed
32,Stressed
32,Stressed
32,Stressed
32,Stressed
32,Stressed
32,Stressed
32,Stressed
32,Stressed
32,Stressed
32.03,Stressed
32.03,Stressed
32.03,Stressed
32.03,Stressed
32,Stressed
32,Stressed
32,Stressed
32,Stressed
31.99,Stressed
31.99,Stressed
31.99,Stressed
31.99,Stressed
31.99,Stressed
31.99,Stressed
31.99,Stressed
31.99,Stressed
31.99,Stressed
31.99,Stressed
31.99,Stressed
31.99,Stressed
31.99,Stressed
31.99,Stressed
31.99,Stressed
31.99,Stressed
31.99,Stressed
31.99,Stressed
31.99,Stressed
31.99,Stressed
31.99,Stressed
31.99,Stressed
31.99,Stressed
31.99,Stressed
32,Stressed
32,Stressed
32,Stressed
32,Stressed
32,Stressed
32,Stressed
32,Stressed
32,Stressed
31.99,Stressed
31.99,Stressed
31.99,Stressed
31.99,Stressed
31.99,Stressed
31.99,Stressed
31.99,Stressed
31.99,Stressed
31.97,Stressed
31.97,Stressed
31.97,Stressed
31.97,Stressed
31.97,Stressed
31.97,Stressed
31.97,Stressed
31.97,Stressed
31.97,Stressed
31.97,Stressed
31.97,Stressed
31.97,Stressed
31.99,Stressed
31.99,Stressed
31.99,Stressed
31.99,Stressed
31.97,Stressed
31.97,Stressed
31.97,Stressed
31.97,Stressed
31.95,Stressed
31.95,Stressed
31.95,Stressed
31.95,Stressed
31.97,Stressed
31.97,Stressed
31.97,Stressed
31.97,Stressed
31.93,Stressed
31.93,Stressed
31.93,Stressed
31.93,Stressed
31.95,Stressed
31.95,Stressed
31.95,Stressed
31.95,Stressed
31.95,Stressed
31.95,Stressed
31.95,Stressed
31.95,Stressed
31.95,Stressed
31.95,Stressed
31.95,Stressed
31.95,Stressed
31.95,Stressed
31.95,Stressed
31.95,Stressed
31.95,Stressed
31.93,Stressed
31.93,Stressed
31.93,Stressed
31.93,Stressed
31.93,Stressed
31.93,Stressed
31.93,Stressed
31.93,Stressed
31.95,Stressed
31.95,Stressed
31.95,Stressed
31.95,Stressed
31.91,Stressed
31.91,Stressed
31.91,Stressed
31.91,Stressed
31.95,Stressed
31.95,Stressed
31.95,Stressed
31.95,Stressed
31.93,Stressed
31.93,Stressed
31.93,Stressed
31.93,Stressed
31.93,Stressed
31.93,Stressed
31.93,Stressed
31.93,Stressed
31.95,Stressed
31.95,Stressed
31.95,Stressed
31.95,Stressed
31.91,Stressed
31.91,Stressed
31.91,Stressed
31.91,Stressed
31.95,Stressed
31.95,Stressed
31.95,Stressed
31.95,Stressed
31.97,Stressed
31.97,Stressed
31.97,Stressed
31.97,Stressed
31.93,Stressed
31.93,Stressed
31.93,Stressed
31.93,Stressed
31.95,Stressed
31.95,Stressed
31.95,Stressed
31.95,Stressed
31.95,Stressed
31.95,Stressed
31.95,Stressed
31.95,Stressed
31.95,Stressed
31.95,Stressed
31.95,Stressed
31.95,Stressed
31.93,Stressed
31.93,Stressed
31.93,Stressed
31.93,Stressed
31.93,Stressed
31.93,Stressed
31.93,Stressed
31.93,Stressed
31.93,Stressed
31.93,Stressed
31.93,Stressed
31.93,Stressed
31.95,Stressed
31.95,Stressed
31.95,Stressed
31.95,Stressed
31.93,Stressed
31.93,Stressed
31.93,Stressed
31.93,Stressed
31.93,Stressed
31.93,Stressed
31.93,Stressed
31.93,Stressed
31.93,Stressed
31.93,Stressed
31.93,Stressed
31.93,Stressed
31.93,Stressed
31.93,Stressed
31.93,Stressed
31.93,Stressed
31.93,Stressed
31.93,Stressed
31.93,Stressed
31.93,Stressed
31.95,Stressed
31.95,Stressed
31.95,Stressed
31.95,Stressed
31.93,Stressed
31.93,Stressed
31.93,Stressed
31.93,Stressed
31.95,Stressed
31.95,Stressed
31.95,Stressed
31.95,Stressed
31.93,Stressed
31.93,Stressed
31.93,Stressed
31.93,Stressed
31.97,Stressed
31.97,Stressed
31.97,Stressed
31.97,Stressed
31.95,Stressed
31.95,Stressed
31.95,Stressed
31.95,Stressed
31.95,Stressed
31.95,Stressed
31.95,Stressed
31.95,Stressed
31.97,Stressed
31.97,Stressed
31.97,Stressed
31.97,Stressed
31.95,Stressed
31.95,Stressed
31.95,Stressed
31.95,Stressed
31.97,Stressed
31.97,Stressed
31.97,Stressed
31.97,Stressed
31.95,Stressed
31.95,Stressed
31.95,Stressed
31.95,Stressed
31.95,Stressed
31.95,Stressed
31.95,Stressed
31.95,Stressed
31.95,Stressed
31.95,Stressed
31.95,Stressed
31.95,Stressed
31.95,Stressed
31.95,Stressed
31.95,Stressed
31.95,Stressed
31.95,Stressed
31.95,Stressed
31.95,Stressed
31.95,Stressed
31.97,Stressed
31.97,Stressed
31.97,Stressed
31.97,Stressed
31.97,Stressed
31.97,Stressed
31.97,Stressed
31.97,Stressed
31.95,Stressed
31.95,Stressed
31.95,Stressed
31.95,Stressed
31.97,Stressed
31.97,Stressed
31.97,Stressed
31.97,Stressed
31.97,Stressed
31.97,Stressed
31.97,Stressed
31.97,Stressed
31.97,Stressed
31.97,Stressed
31.97,Stressed
31.97,Stressed
31.97,Stressed
31.97,Stressed
31.97,Stressed
31.97,Stressed
31.93,Stressed
31.93,Stressed
31.93,Stressed
31.93,Stressed
31.93,Stressed
31.93,Stressed
31.93,Stressed
31.93,Stressed
31.97,Stressed
31.97,Stressed
31.97,Stressed
31.97,Stressed
31.97,Stressed
31.97,Stressed
31.97,Stressed
31.97,Stressed
31.97,Stressed
31.97,Stressed
31.97,Stressed
31.97,Stressed
31.95,Stressed
31.95,Stressed
31.95,Stressed
31.95,Stressed
31.95,Stressed
31.95,Stressed
31.95,Stressed
31.95,Stressed
31.95,Stressed
31.95,Stressed
31.95,Stressed
31.95,Stressed
31.95,Stressed
31.95,Stressed
31.95,Stressed
31.95,Stressed
31.97,Stressed
31.97,Stressed
31.97,Stressed
31.97,Stressed
31.99,Stressed
31.99,Stressed
31.99,Stressed
31.99,Stressed
31.97,Stressed
31.97,Stressed
31.97,Stressed
31.97,Stressed
31.97,Stressed
31.97,Stressed
31.97,Stressed
31.97,Stressed
31.95,Stressed
31.95,Stressed
31.95,Stressed
31.95,Stressed
31.99,Stressed
31.99,Stressed
31.99,Stressed
31.99,Stressed
31.97,Stressed
31.97,Stressed
31.97,Stressed
31.97,Stressed
31.95,Stressed
31.95,Stressed
31.95,Stressed
31.95,Stressed
31.93,Stressed
31.93,Stressed
31.93,Stressed
31.93,Stressed
31.97,Stressed
31.97,Stressed
31.97,Stressed
31.97,Stressed
31.99,Stressed
31.99,Stressed
31.99,Stressed
31.99,Stressed
31.97,Stressed
31.97,Stressed
31.97,Stressed
31.97,Stressed
31.97,Stressed
31.97,Stressed
31.97,Stressed
31.97,Stressed
31.99,Stressed
31.99,Stressed
31.99,Stressed
31.99,Stressed
31.97,Stressed
31.97,Stressed
31.97,Stressed
31.97,Stressed
31.99,Stressed
31.99,Stressed
31.99,Stressed
31.99,Stressed
31.97,Stressed
31.97,Stressed
31.97,Stressed
31.97,Stressed
31.97,Stressed
31.97,Stressed
31.97,Stressed
31.97,Stressed
31.99,Stressed
31.99,Stressed
31.99,Stressed
31.99,Stressed
31.99,Stressed
31.99,Stressed
31.99,Stressed
31.99,Stressed
31.97,Stressed
31.97,Stressed
31.97,Stressed
31.97,Stressed
31.97,Stressed
31.97,Stressed
31.97,Stressed
31.97,Stressed
31.97,Stressed
31.97,Stressed
31.97,Stressed
31.97,Stressed
31.95,Stressed
31.95,Stressed
31.95,Stressed
31.95,Stressed
32,Stressed
32,Stressed
32,Stressed
32,Stressed
31.99,Stressed
31.99,Stressed
31.99,Stressed
31.99,Stressed
31.99,Stressed
31.99,Stressed
31.99,Stressed
31.99,Stressed
31.97,Stressed
31.97,Stressed
31.97,Stressed
31.97,Stressed
31.97,Stressed
31.97,Stressed
31.97,Stressed
31.97,Stressed
31.97,Stressed
31.97,Stressed
31.97,Stressed
31.97,Stressed
31.97,Stressed
31.97,Stressed
31.97,Stressed
31.97,Stressed
31.97,Stressed
31.97,Stressed
31.97,Stressed
31.97,Stressed
31.95,Stressed
31.95,Stressed
31.95,Stressed
31.95,Stressed
31.93,Stressed
31.93,Stressed
31.93,Stressed
31.93,Stressed
31.93,Stressed
31.93,Stressed
31.93,Stressed
31.93,Stressed
31.95,Stressed
31.95,Stressed
31.95,Stressed
31.95,Stressed
31.93,Stressed
31.93,Stressed
31.93,Stressed
31.93,Stressed
31.93,Stressed
31.93,Stressed
31.93,Stressed
31.93,Stressed
31.93,Stressed
31.93,Stressed
31.93,Stressed
31.93,Stressed
31.89,Stressed
31.89,Stressed
31.89,Stressed
31.89,Stressed
31.89,Stressed
31.89,Stressed
31.89,Stressed
31.89,Stressed
31.93,Stressed
31.93,Stressed
31.93,Stressed
31.93,Stressed
31.89,Stressed
31.89,Stressed
31.89,Stressed
31.89,Stressed
31.89,Stressed
31.89,Stressed
31.89,Stressed
31.89,Stressed
31.89,Stressed
31.89,Stressed
31.89,Stressed
31.89,Stressed
31.91,Stressed
31.91,Stressed
31.91,Stressed
31.91,Stressed
31.91,Stressed
31.91,Stressed
31.91,Stressed
31.91,Stressed
31.89,Stressed
31.89,Stressed
31.89,Stressed
31.89,Stressed
31.89,Stressed
31.89,Stressed
31.89,Stressed
31.89,Stressed
31.91,Stressed
31.91,Stressed
31.91,Stressed
31.91,Stressed
31.91,Stressed
31.91,Stressed
31.91,Stressed
31.91,Stressed
31.91,Stressed
31.91,Stressed
31.91,Stressed
31.91,Stressed
31.89,Stressed
31.89,Stressed
31.89,Stressed
31.89,Stressed
31.91,Stressed
31.91,Stressed
31.91,Stressed
31.91,Stressed
31.89,Stressed
31.89,Stressed
31.89,Stressed
31.89,Stressed
31.91,Stressed
31.91,Stressed
31.91,Stressed
31.91,Stressed
31.89,Stressed
31.89,Stressed
31.89,Stressed
31.89,Stressed
31.91,Stressed
31.91,Stressed
31.91,Stressed
31.91,Stressed
31.89,Stressed
31.89,Stressed
31.89,Stressed
31.89,Stressed
31.91,Stressed
31.91,Stressed
31.91,Stressed
31.91,Stressed
31.91,Stressed
31.91,Stressed
31.91,Stressed
31.91,Stressed
31.91,Stressed
31.91,Stressed
31.91,Stressed
31.91,Stressed
31.89,Stressed
31.89,Stressed
31.89,Stressed
31.89,Stressed
31.93,Stressed
31.93,Stressed
31.93,Stressed
31.93,Stressed
31.91,Stressed
31.91,Stressed
31.91,Stressed
31.91,Stressed
31.93,Stressed
31.93,Stressed
31.93,Stressed
31.93,Stressed
31.93,Stressed
31.93,Stressed
31.93,Stressed
31.93,Stressed
31.91,Stressed
31.91,Stressed
31.91,Stressed
31.91,Stressed
31.93,Stressed
31.93,Stressed
31.93,Stressed
31.93,Stressed
31.91,Stressed
31.91,Stressed
31.91,Stressed
31.91,Stressed
31.93,Stressed
31.93,Stressed
31.93,Stressed
31.93,Stressed
31.93,Stressed
31.93,Stressed
31.93,Stressed
31.93,Stressed
31.91,Stressed
31.91,Stressed
31.91,Stressed
31.91,Stressed
31.93,Stressed
31.93,Stressed
31.93,Stressed
31.93,Stressed
31.93,Stressed
31.93,Stressed
31.93,Stressed
31.93,Stressed
31.89,Stressed
31.89,Stressed
31.89,Stressed
31.89,Stressed
31.93,Stressed
31.93,Stressed
31.93,Stressed
31.93,Stressed
31.91,Stressed
31.91,Stressed
31.91,Stressed
31.91,Stressed
31.93,Stressed
31.93,Stressed
31.93,Stressed
31.93,Stressed
31.93,Stressed
31.93,Stressed
31.93,Stressed
31.93,Stressed
31.95,Stressed
31.95,Stressed
31.95,Stressed
31.95,Stressed
31.91,Stressed
31.91,Stressed
31.91,Stressed
31.91,Stressed
31.93,Stressed
31.93,Stressed
31.93,Stressed
31.93,Stressed
31.91,Stressed
31.91,Stressed
31.91,Stressed
31.91,Stressed
31.91,Stressed
31.91,Stressed
31.91,Stressed
31.91,Stressed
31.93,Stressed
31.93,Stressed
31.93,Stressed
31.93,Stressed
31.91,Stressed
31.91,Stressed
31.91,Stressed
31.91,Stressed
31.95,Stressed
31.95,Stressed
31.95,Stressed
31.95,Stressed
31.91,Stressed
31.91,Stressed
31.91,Stressed
31.91,Stressed
31.95,Stressed
31.95,Stressed
31.95,Stressed
31.95,Stressed
31.93,Stressed
31.93,Stressed
31.93,Stressed
31.93,Stressed
31.93,Stressed
31.93,Stressed
31.93,Stressed
31.93,Stressed
31.95,Stressed
31.95,Stressed
31.95,Stressed
31.95,Stressed
31.91,Stressed
31.91,Stressed
31.91,Stressed
31.91,Stressed
31.93,Stressed
31.93,Stressed
31.93,Stressed
31.93,Stressed
31.95,Stressed
31.95,Stressed
31.95,Stressed
31.95,Stressed
31.93,Stressed
31.93,Stressed
31.93,Stressed
31.93,Stressed
31.95,Stressed
31.95,Stressed
31.95,Stressed
31.95,Stressed
31.93,Stressed
31.93,Stressed
31.93,Stressed
31.93,Stressed
31.95,Stressed
31.95,Stressed
31.95,Stressed
31.95,Stressed
31.93,Stressed
31.93,Stressed
31.93,Stressed
31.93,Stressed
31.95,Stressed
31.95,Stressed
31.95,Stressed
31.95,Stressed
31.93,Stressed
31.93,Stressed
31.93,Stressed
31.93,Stressed
31.95,Stressed
31.95,Stressed
31.95,Stressed
31.95,Stressed
31.91,Stressed
31.91,Stressed
31.91,Stressed
31.91,Stressed
31.95,Stressed
31.95,Stressed
31.95,Stressed
31.95,Stressed
31.93,Stressed
31.93,Stressed
31.93,Stressed
31.93,Stressed
31.95,Stressed
31.95,Stressed
31.95,Stressed
31.95,Stressed
31.95,Stressed
31.95,Stressed
31.95,Stressed
31.95,Stressed
31.95,Stressed
31.95,Stressed
31.95,Stressed
31.95,Stressed
31.95,Stressed
31.95,Stressed
31.95,Stressed
31.95,Stressed
31.95,Stressed
31.95,Stressed
31.95,Stressed
31.95,Stressed
31.95,Stressed
31.95,Stressed
31.95,Stressed
31.95,Stressed
31.97,Stressed
31.97,Stressed
31.97,Stressed
31.97,Stressed
31.93,Stressed
31.93,Stressed
31.93,Stressed
31.93,Stressed
31.93,Stressed
31.93,Stressed
31.93,Stressed
31.93,Stressed
31.95,Stressed
31.95,Stressed
31.95,Stressed
31.95,Stressed
31.97,Stressed
31.97,Stressed
31.97,Stressed
31.97,Stressed
31.95,Stressed
31.95,Stressed
31.95,Stressed
31.95,Stressed
31.97,Stressed
31.97,Stressed
31.97,Stressed
31.97,Stressed
31.95,Stressed
31.95,Stressed
31.95,Stressed
31.95,Stressed
31.95,Stressed
31.95,Stressed
31.95,Stressed
31.95,Stressed
31.97,Stressed
31.97,Stressed
31.97,Stressed
31.97,Stressed
31.97,Stressed
31.97,Stressed
31.97,Stressed
31.97,Stressed